Model,FLAN-T5 RE,FLAN-T5 CH,FLAN-T5 EM,FLAN-T5 SU,FLAN-T5 EG,FLAN-T5 CX
Human,"[2, 2, 2, 1, 2, 1, 2, 2, 2, 1, 0, 1, 2, 1, 2, 2, 2, 2, 2, 1, 1, 1, 0, 2, 2, 2, 2, 0, 1, 0, 2, 2, 2, 2, 2, 1, 0, 1, 2, 2, 2, 2, 2, 2, 1, 2, 2, 2, 1, 0, 2, 3, 2, 1, 2, 2, 2, 1, 2, 2, 2, 2, 1, 2, 1, 2, 2, 2, 2, 0, 1, 2, 2, 0, 2, 2, 0, 2, 2, 2, 1, 2, 2, 0, 1, 1, 1, 0, 2, 2, 1, 2, 2, 2, 1, 2]","[2, 3, 2, 3, 2, 2, 2, 3, 3, 3, 2, 4, 2, 2, 2, 3, 3, 3, 3, 2, 3, 3, 3, 3, 2, 3, 1, 3, 2, 3, 3, 3, 3, 3, 3, 3, 2, 3, 2, 3, 3, 1, 3, 3, 2, 3, 3, 3, 3, 1, 3, 3, 3, 3, 3, 3, 3, 1, 3, 3, 2, 3, 2, 2, 3, 3, 2, 3, 3, 3, 3, 3, 3, 3, 2, 2, 3, 2, 3, 2, 4, 3, 2, 1, 3, 1, 3, 3, 3, 3, 3, 2, 2, 3, 2, 3]","[1, 0, 0, 2, 1, 2, 1, 3, 3, 2, 2, 2, 2, 2, 1, 2, 1, 0, 1, 2, 2, 2, 2, 1, 2, 3, 0, 1, 2, 1, 0, 2, 2, 2, 3, 1, 1, 3, 2, 3, 3, 1, 2, 2, 1, 3, 2, 2, 2, 0, 2, 3, 3, 0, 2, 2, 2, 1, 3, 3, 2, 3, 1, 0, 0, 1, 2, 2, 2, 1, 2, 3, 2, 2, 2, 2, 2, 1, 3, 2, 2, 2, 0, 0, 2, 1, 2, 2, 2, 2, 1, 2, 0, 2, 0, 3]","[1, 0, 1, 1, 1, 1, 1, 1, 1, 1, 1, 1, 1, 1, 1, 1, 1, 0, 1, 1, 1, 1, 1, 1, 1, 1, 0, 0, 1, 1, 0, 1, 1, 1, 1, 1, 1, 1, 1, 1, 1, 0, 1, 1, 1, 1, 1, 1, 1, 0, 1, 1, 1, 1, 1, 1, 1, 0, 1, 1, 1, 1, 1, 0, 0, 1, 1, 1, 1, 1, 1, 1, 1, 0, 1, 1, 0, 0, 1, 1, 1, 1, 0, 0, 0, 0, 0, 1, 1, 1, 1, 1, 0, 1, 0, 1]","[2, 3, 2, 3, 1, 2, 2, 3, 3, 3, 2, 3, 3, 3, 2, 3, 3, 0, 3, 3, 3, 3, 3, 3, 3, 3, 1, 3, 3, 3, 2, 3, 3, 2, 3, 3, 2, 3, 2, 3, 3, 1, 3, 3, 1, 3, 3, 3, 3, 1, 3, 3, 3, 3, 3, 3, 3, 1, 3, 3, 2, 3, 1, 1, 3, 3, 2, 3, 3, 3, 3, 3, 3, 3, 2, 2, 3, 1, 3, 3, 3, 3, 0, 1, 3, 1, 3, 3, 3, 3, 3, 2, 1, 2, 1, 3]","[1, 0, 3, 3, 1, 2, 2, 3, 3, 2, 1, 3, 3, 2, 2, 3, 3, 1, 3, 3, 3, 3, 0, 1, 2, 3, 1, 0, 3, 3, 1, 3, 3, 3, 3, 3, 3, 3, 2, 3, 3, 1, 3, 3, 1, 3, 3, 2, 2, 0, 3, 3, 3, 3, 3, 3, 3, 1, 3, 3, 2, 3, 1, 1, 3, 3, 2, 3, 3, 0, 3, 3, 2, 0, 2, 2, 0, 1, 3, 3, 3, 3, 0, 1, 3, 1, 0, 3, 3, 3, 3, 2, 1, 2, 1, 3]"
BertGeneration,"[0, 2, 0, 1, 2, 2, 1, 2, 2, 2, 0, 1, 1, 1, 0, 2, 2, 0, 1, 2, 1, 2, 0, 1, 1, 0, 1, 0, 1, 0, 2, 2, 1, 2, 2, 1, 0, 1, 2, 2, 2, 2, 2, 1, 2, 1, 1, 1, 2, 1, 1, 1, 2, 1, 1, 0, 1, 1, 0, 2, 1, 1, 1, 1, 0, 1, 1, 1, 2, 1, 1, 2, 1, 0, 1, 1, 2, 2, 0, 2, 1, 2, 1, 1, 2, 1, 1, 0, 1, 0, 0, 2, 1, 2, 2, 1]","[2, 2, 1, 2, 2, 2, 2, 2, 2, 2, 2, 2, 1, 2, 2, 2, 2, 2, 2, 2, 2, 2, 2, 2, 2, 1, 2, 2, 2, 2, 2, 2, 2, 2, 3, 2, 2, 2, 2, 2, 2, 2, 2, 2, 1, 2, 2, 2, 2, 2, 2, 2, 3, 2, 2, 2, 2, 1, 2, 2, 2, 2, 1, 2, 2, 2, 2, 2, 2, 2, 2, 2, 2, 2, 2, 2, 2, 1, 2, 2, 2, 2, 1, 2, 2, 2, 2, 2, 2, 2, 2, 2, 2, 2, 2, 2]","[1, 1, 0, 1, 0, 1, 1, 2, 1, 2, 2, 0, 0, 1, 1, 1, 0, 1, 1, 0, 1, 1, 1, 0, 2, 1, 1, 1, 2, 0, 1, 1, 1, 1, 2, 1, 1, 1, 2, 1, 0, 0, 2, 1, 1, 0, 1, 1, 1, 1, 1, 1, 0, 1, 1, 1, 2, 1, 1, 1, 1, 1, 1, 1, 2, 0, 1, 1, 1, 1, 1, 1, 1, 1, 1, 1, 2, 0, 2, 1, 1, 1, 1, 1, 1, 1, 1, 1, 1, 0, 1, 1, 1, 1, 1, 1]","[0, 1, 0, 1, 1, 0, 1, 1, 1, 1, 1, 0, 1, 0, 0, 0, 1, 1, 1, 1, 1, 0, 0, 1, 0, 1, 1, 0, 1, 1, 1, 0, 1, 0, 1, 0, 0, 1, 1, 0, 1, 0, 0, 0, 0, 0, 1, 1, 0, 1, 1, 0, 1, 0, 0, 0, 1, 0, 0, 1, 1, 0, 0, 1, 1, 1, 0, 1, 1, 1, 1, 1, 1, 1, 1, 1, 1, 0, 0, 1, 1, 0, 0, 1, 1, 0, 1, 0, 0, 0, 0, 1, 1, 1, 0, 1]","[1, 2, 1, 1, 1, 1, 1, 2, 1, 2, 2, 2, 1, 1, 2, 1, 1, 1, 1, 2, 1, 2, 1, 1, 1, 1, 1, 2, 2, 1, 1, 1, 1, 1, 2, 1, 2, 1, 1, 1, 2, 1, 2, 1, 1, 1, 1, 1, 2, 1, 1, 1, 2, 1, 1, 1, 2, 1, 1, 1, 1, 2, 1, 2, 2, 1, 1, 1, 2, 1, 1, 1, 1, 1, 2, 1, 2, 0, 2, 1, 1, 1, 1, 1, 2, 1, 1, 1, 1, 2, 1, 1, 1, 2, 1, 1]","[1, 2, 0, 1, 1, 1, 1, 2, 1, 1, 1, 1, 1, 1, 2, 1, 1, 1, 1, 1, 1, 1, 1, 1, 1, 1, 1, 1, 1, 1, 1, 1, 1, 1, 2, 1, 1, 1, 1, 1, 2, 1, 1, 1, 1, 1, 1, 1, 1, 1, 1, 1, 2, 1, 1, 1, 2, 1, 1, 1, 1, 1, 1, 1, 1, 1, 1, 1, 3, 1, 1, 1, 1, 1, 1, 1, 2, 0, 1, 1, 1, 1, 1, 1, 2, 1, 1, 1, 1, 1, 1, 1, 1, 2, 1, 1]"
CTRL,"[1, 2, 1, 0, 1, 1, 1, 2, 1, 1, 0, 1, 2, 1, 1, 1, 2, 1, 0, 2, 1, 1, 0, 1, 1, 0, 1, 0, 1, 0, 1, 1, 2, 2, 1, 1, 0, 1, 0, 0, 1, 2, 0, 1, 1, 1, 1, 0, 1, 1, 1, 1, 2, 0, 2, 0, 1, 1, 1, 1, 1, 1, 1, 1, 1, 2, 2, 1, 1, 0, 0, 2, 2, 0, 1, 0, 2, 2, 1, 2, 1, 1, 1, 0, 1, 1, 1, 0, 1, 1, 1, 2, 1, 2, 1, 1]","[2, 2, 2, 2, 1, 1, 2, 2, 2, 2, 1, 2, 2, 1, 1, 2, 2, 1, 2, 2, 2, 1, 2, 1, 1, 2, 2, 2, 2, 2, 1, 2, 2, 2, 2, 1, 2, 2, 1, 2, 1, 2, 2, 1, 1, 1, 1, 1, 1, 1, 1, 2, 1, 1, 2, 2, 1, 1, 1, 1, 2, 2, 1, 1, 2, 2, 1, 1, 1, 2, 1, 2, 2, 2, 1, 2, 1, 2, 1, 2, 1, 1, 1, 2, 2, 2, 1, 2, 2, 1, 1, 2, 1, 2, 2, 1]","[1, 0, 2, 1, 1, 0, 1, 2, 1, 1, 0, 0, 1, 1, 0, 1, 1, 0, 0, 1, 1, 1, 0, 1, 0, 1, 1, 1, 0, 1, 0, 0, 1, 1, 0, 1, 1, 0, 0, 0, 0, 1, 0, 1, 0, 0, 0, 0, 0, 0, 0, 0, 0, 0, 1, 2, 0, 1, 0, 1, 0, 0, 1, 0, 0, 0, 1, 1, 0, 2, 0, 1, 0, 2, 1, 1, 1, 2, 1, 1, 0, 0, 1, 1, 1, 0, 0, 1, 1, 1, 1, 2, 0, 0, 0, 0]","[0, 0, 1, 1, 0, 0, 0, 1, 0, 1, 0, 0, 1, 0, 0, 0, 0, 0, 0, 0, 1, 0, 1, 0, 0, 1, 1, 0, 0, 0, 0, 0, 1, 0, 0, 0, 1, 1, 0, 0, 1, 0, 0, 0, 0, 0, 0, 0, 0, 0, 0, 0, 0, 0, 0, 0, 0, 0, 0, 0, 0, 1, 0, 0, 1, 0, 1, 0, 0, 1, 0, 0, 0, 1, 1, 0, 1, 0, 1, 0, 0, 0, 0, 0, 0, 0, 0, 1, 1, 0, 0, 1, 0, 0, 0, 0]","[1, 1, 2, 2, 1, 0, 1, 2, 1, 1, 1, 1, 1, 1, 1, 1, 1, 1, 1, 1, 2, 1, 0, 1, 1, 1, 1, 1, 1, 1, 1, 1, 1, 1, 1, 1, 1, 2, 1, 1, 1, 1, 1, 0, 1, 1, 1, 1, 1, 1, 2, 2, 1, 1, 2, 1, 1, 1, 1, 1, 1, 1, 1, 1, 1, 1, 1, 1, 0, 1, 1, 1, 2, 2, 1, 1, 2, 1, 1, 1, 1, 1, 1, 1, 1, 1, 1, 1, 1, 1, 1, 2, 1, 1, 1, 1]","[1, 1, 2, 2, 1, 0, 1, 2, 1, 1, 1, 1, 1, 1, 1, 1, 1, 0, 1, 1, 2, 1, 1, 1, 1, 1, 1, 1, 0, 1, 0, 0, 1, 1, 1, 0, 1, 1, 1, 0, 1, 1, 1, 0, 0, 1, 1, 0, 0, 1, 1, 1, 1, 1, 1, 1, 1, 1, 1, 0, 1, 1, 1, 1, 1, 0, 1, 1, 1, 1, 1, 1, 1, 1, 1, 1, 1, 1, 1, 1, 1, 0, 1, 1, 1, 1, 1, 1, 1, 1, 1, 1, 1, 0, 1, 0]"
GPT,"[0, 2, 0, 0, 0, 1, 0, 1, 2, 0, 0, 1, 0, 0, 0, 0, 2, 0, 0, 0, 1, 0, 0, 0, 1, 0, 0, 0, 0, 0, 0, 2, 0, 1, 1, 0, 0, 1, 0, 2, 1, 0, 2, 1, 1, 1, 0, 0, 1, 1, 0, 1, 2, 1, 0, 0, 0, 1, 0, 1, 1, 1, 1, 1, 0, 0, 1, 1, 2, 0, 1, 0, 0, 0, 0, 1, 0, 2, 1, 0, 0, 0, 1, 0, 0, 1, 0, 0, 1, 0, 0, 0, 1, 0, 1, 0]","[2, 2, 1, 2, 2, 2, 2, 2, 2, 2, 2, 2, 1, 2, 2, 1, 2, 2, 2, 1, 2, 2, 2, 1, 2, 1, 2, 2, 2, 1, 2, 2, 2, 2, 2, 2, 2, 3, 2, 2, 1, 2, 2, 3, 2, 3, 2, 2, 2, 2, 2, 2, 2, 2, 2, 2, 1, 2, 2, 1, 1, 2, 2, 2, 2, 2, 2, 3, 1, 1, 2, 2, 2, 2, 1, 2, 1, 2, 2, 1, 1, 2, 2, 3, 2, 2, 1, 2, 2, 1, 2, 2, 2, 2, 2, 2]","[1, 1, 1, 1, 1, 1, 1, 1, 2, 1, 1, 2, 1, 1, 1, 1, 1, 0, 1, 1, 0, 1, 1, 1, 2, 1, 2, 1, 1, 1, 1, 1, 1, 1, 1, 1, 1, 2, 1, 1, 0, 1, 1, 0, 1, 1, 1, 1, 1, 1, 1, 1, 1, 1, 1, 1, 1, 1, 1, 0, 1, 1, 1, 1, 1, 1, 1, 1, 0, 1, 1, 1, 1, 1, 1, 1, 1, 1, 1, 1, 0, 1, 1, 2, 1, 1, 1, 1, 1, 0, 1, 1, 1, 1, 1, 1]","[1, 1, 0, 1, 0, 0, 0, 1, 1, 1, 0, 0, 0, 1, 0, 0, 1, 1, 1, 1, 1, 1, 1, 1, 1, 1, 1, 0, 1, 0, 0, 1, 1, 0, 1, 1, 0, 1, 0, 0, 0, 0, 0, 1, 1, 1, 1, 0, 1, 0, 0, 1, 1, 0, 0, 1, 0, 1, 0, 0, 0, 1, 1, 1, 1, 0, 1, 1, 1, 0, 1, 0, 1, 1, 0, 0, 0, 1, 1, 1, 0, 1, 1, 1, 1, 1, 0, 1, 1, 0, 1, 0, 1, 1, 1, 1]","[1, 2, 1, 1, 1, 1, 2, 1, 1, 1, 1, 1, 1, 1, 1, 1, 2, 1, 2, 1, 2, 1, 2, 1, 2, 1, 2, 2, 1, 2, 1, 2, 1, 1, 2, 2, 1, 2, 2, 2, 0, 1, 1, 2, 1, 2, 1, 2, 2, 1, 1, 1, 2, 2, 1, 2, 1, 1, 1, 1, 1, 2, 2, 2, 1, 1, 2, 2, 2, 1, 2, 1, 1, 2, 1, 1, 1, 2, 2, 1, 1, 2, 1, 3, 2, 1, 1, 0, 1, 0, 2, 1, 1, 1, 1, 1]","[1, 2, 1, 1, 1, 0, 2, 2, 2, 1, 1, 1, 1, 1, 1, 1, 2, 1, 1, 0, 2, 0, 2, 1, 2, 1, 1, 1, 1, 1, 1, 1, 1, 1, 2, 1, 1, 1, 1, 1, 1, 1, 1, 1, 1, 2, 1, 1, 1, 1, 0, 1, 2, 2, 1, 2, 1, 1, 1, 0, 1, 1, 2, 1, 1, 1, 1, 2, 2, 0, 2, 1, 1, 1, 0, 1, 0, 2, 1, 1, 1, 2, 1, 2, 2, 1, 0, 1, 1, 0, 2, 1, 1, 1, 2, 1]"
GPT-2 (tag),"[1, 2, 1, 0, 2, 2, 1, 1, 1, 1, 0, 1, 0, 1, 0, 2, 1, 2, 2, 2, 1, 1, 0, 1, 1, 0, 0, 0, 1, 3, 1, 2, 1, 2, 1, 1, 0, 1, 2, 2, 0, 2, 1, 1, 0, 1, 2, 1, 1, 1, 2, 0, 2, 0, 0, 0, 1, 1, 0, 1, 2, 1, 0, 2, 0, 1, 2, 1, 1, 2, 0, 2, 1, 2, 1, 1, 2, 2, 0, 2, 0, 2, 2, 1, 1, 2, 1, 2, 1, 1, 1, 2, 0, 1, 2, 2]","[2, 2, 2, 2, 2, 2, 2, 2, 2, 2, 2, 2, 2, 2, 2, 2, 2, 2, 2, 2, 2, 2, 2, 2, 2, 2, 2, 2, 2, 2, 2, 2, 2, 1, 2, 2, 2, 2, 2, 2, 2, 2, 2, 2, 2, 2, 2, 2, 2, 2, 2, 2, 2, 2, 2, 1, 2, 2, 1, 2, 2, 2, 2, 2, 2, 2, 2, 2, 2, 2, 2, 2, 2, 2, 2, 2, 2, 2, 2, 2, 1, 2, 1, 2, 2, 2, 2, 2, 2, 2, 2, 2, 1, 2, 2, 2]","[1, 2, 2, 1, 1, 1, 1, 1, 1, 1, 1, 2, 1, 2, 2, 2, 0, 0, 1, 1, 1, 1, 2, 2, 2, 2, 1, 1, 1, 1, 1, 1, 1, 1, 2, 0, 1, 1, 1, 2, 1, 1, 1, 0, 1, 1, 1, 1, 1, 1, 1, 1, 1, 1, 2, 1, 1, 2, 1, 1, 1, 1, 1, 1, 0, 0, 2, 1, 0, 1, 2, 1, 2, 2, 2, 2, 2, 0, 0, 1, 0, 2, 1, 2, 1, 1, 1, 1, 1, 1, 1, 2, 0, 1, 1, 2]","[0, 1, 1, 0, 1, 0, 1, 1, 1, 1, 1, 1, 1, 1, 1, 0, 1, 1, 1, 1, 1, 1, 1, 1, 0, 1, 0, 0, 1, 1, 1, 1, 0, 0, 2, 0, 1, 0, 1, 1, 1, 1, 1, 0, 0, 1, 1, 1, 0, 0, 1, 1, 1, 1, 0, 0, 1, 1, 1, 1, 0, 1, 0, 0, 0, 0, 1, 1, 1, 0, 1, 1, 1, 1, 0, 1, 1, 0, 0, 1, 0, 1, 0, 0, 1, 1, 1, 1, 1, 1, 1, 1, 0, 1, 1, 1]","[1, 2, 2, 1, 1, 2, 1, 1, 1, 2, 2, 2, 1, 1, 2, 2, 1, 1, 2, 1, 1, 1, 2, 2, 2, 2, 1, 1, 2, 2, 1, 2, 2, 1, 2, 1, 1, 1, 2, 2, 2, 1, 1, 0, 1, 2, 2, 1, 1, 2, 1, 1, 2, 2, 1, 0, 2, 2, 1, 2, 1, 1, 1, 1, 1, 1, 2, 1, 1, 1, 2, 2, 1, 2, 2, 2, 2, 1, 1, 2, 1, 2, 1, 1, 2, 2, 2, 2, 2, 2, 1, 2, 0, 2, 1, 2]","[1, 2, 2, 1, 2, 1, 1, 1, 1, 1, 1, 2, 2, 2, 1, 2, 2, 2, 2, 1, 1, 1, 1, 2, 1, 0, 1, 1, 2, 1, 1, 1, 1, 1, 2, 1, 1, 1, 1, 2, 2, 1, 1, 0, 1, 1, 1, 1, 1, 1, 1, 1, 2, 2, 1, 1, 2, 1, 1, 2, 1, 1, 1, 2, 1, 0, 3, 2, 2, 1, 2, 1, 1, 2, 1, 1, 2, 1, 1, 2, 0, 1, 1, 1, 1, 1, 2, 2, 3, 2, 1, 2, 0, 1, 1, 2]"
GPT-2,"[2, 2, 3, 0, 2, 2, 2, 2, 2, 1, 1, 1, 1, 2, 0, 2, 2, 2, 1, 0, 1, 1, 1, 1, 1, 0, 1, 0, 1, 0, 1, 1, 2, 2, 1, 2, 0, 1, 2, 2, 2, 2, 2, 1, 2, 2, 1, 2, 1, 1, 2, 1, 2, 2, 1, 2, 2, 3, 1, 2, 0, 2, 1, 1, 1, 1, 2, 0, 1, 0, 2, 2, 1, 0, 2, 1, 2, 2, 1, 1, 1, 1, 1, 1, 2, 2, 1, 1, 1, 0, 1, 2, 2, 2, 2, 2]","[2, 2, 2, 2, 2, 2, 2, 2, 2, 2, 2, 3, 2, 3, 1, 2, 2, 2, 2, 2, 2, 2, 2, 1, 2, 2, 2, 2, 1, 2, 2, 2, 2, 2, 2, 2, 2, 2, 2, 2, 2, 2, 2, 2, 2, 2, 2, 2, 2, 2, 2, 2, 2, 2, 2, 2, 2, 2, 2, 1, 1, 2, 2, 2, 2, 1, 2, 1, 2, 2, 2, 2, 2, 2, 2, 2, 2, 2, 2, 2, 2, 2, 2, 2, 2, 2, 2, 2, 2, 2, 2, 2, 2, 2, 2, 2]","[1, 2, 1, 1, 1, 1, 1, 2, 1, 1, 1, 1, 1, 1, 1, 0, 1, 1, 1, 1, 1, 1, 2, 1, 2, 2, 1, 1, 0, 1, 0, 1, 1, 1, 2, 1, 1, 0, 2, 1, 2, 1, 2, 2, 1, 1, 1, 1, 0, 1, 1, 1, 1, 0, 1, 0, 1, 2, 2, 1, 1, 0, 1, 1, 1, 1, 1, 0, 1, 1, 2, 1, 2, 2, 1, 1, 2, 2, 1, 0, 1, 2, 0, 1, 1, 1, 1, 1, 0, 1, 1, 1, 1, 2, 1, 1]","[1, 1, 1, 1, 1, 1, 1, 1, 1, 1, 1, 1, 1, 1, 0, 0, 1, 1, 1, 1, 1, 0, 1, 0, 1, 1, 1, 1, 0, 1, 1, 1, 1, 0, 1, 1, 1, 1, 1, 1, 1, 1, 1, 1, 1, 1, 1, 0, 0, 1, 1, 1, 1, 0, 1, 1, 1, 1, 1, 0, 0, 1, 1, 1, 1, 0, 0, 0, 1, 1, 1, 0, 1, 1, 0, 1, 1, 1, 1, 1, 1, 1, 0, 0, 1, 1, 1, 1, 0, 0, 1, 0, 1, 1, 1, 1]","[2, 2, 2, 1, 1, 2, 2, 1, 1, 2, 1, 1, 2, 2, 0, 1, 2, 2, 2, 2, 1, 1, 2, 1, 2, 2, 1, 2, 1, 2, 1, 1, 1, 1, 1, 2, 2, 1, 2, 2, 2, 1, 2, 1, 2, 2, 1, 1, 1, 1, 1, 2, 2, 0, 2, 2, 1, 1, 2, 1, 0, 1, 1, 2, 2, 1, 2, 1, 1, 1, 2, 2, 2, 2, 1, 2, 2, 2, 2, 1, 1, 2, 1, 1, 2, 1, 2, 1, 1, 2, 1, 2, 2, 2, 1, 1]","[1, 1, 2, 1, 2, 1, 1, 2, 1, 2, 1, 1, 2, 2, 1, 1, 2, 2, 2, 2, 1, 1, 2, 1, 1, 2, 1, 2, 1, 3, 2, 1, 1, 1, 2, 2, 1, 1, 1, 2, 1, 1, 2, 2, 2, 2, 1, 1, 1, 1, 2, 2, 2, 0, 2, 2, 1, 2, 2, 1, 1, 2, 1, 2, 1, 1, 1, 1, 1, 1, 2, 1, 2, 1, 1, 2, 2, 2, 2, 2, 1, 2, 1, 1, 2, 1, 2, 1, 1, 1, 1, 1, 2, 2, 1, 1]"
RoBERTa,"[1, 1, 1, 2, 2, 2, 1, 1, 2, 1, 0, 1, 1, 2, 2, 2, 1, 0, 0, 1, 1, 1, 3, 1, 0, 0, 2, 0, 1, 1, 1, 2, 1, 2, 0, 0, 0, 1, 2, 1, 2, 0, 2, 1, 1, 0, 1, 2, 1, 2, 1, 1, 2, 1, 1, 0, 1, 1, 1, 2, 2, 2, 0, 2, 2, 1, 2, 1, 2, 1, 1, 1, 0, 1, 2, 1, 2, 2, 2, 1, 2, 2, 1, 1, 1, 1, 0, 0, 2, 1, 1, 1, 2, 0, 1, 2]","[2, 2, 2, 2, 2, 2, 2, 1, 2, 2, 2, 2, 2, 2, 2, 2, 2, 2, 2, 3, 2, 2, 2, 2, 2, 2, 2, 1, 2, 2, 2, 1, 2, 2, 2, 2, 2, 2, 2, 2, 2, 1, 2, 2, 1, 2, 2, 2, 2, 2, 2, 2, 2, 2, 2, 2, 2, 2, 2, 2, 2, 2, 2, 2, 1, 2, 2, 2, 2, 2, 2, 2, 2, 2, 2, 2, 2, 2, 2, 1, 2, 2, 1, 2, 2, 2, 2, 2, 2, 2, 2, 2, 2, 2, 2, 2]","[1, 1, 1, 1, 1, 1, 0, 1, 1, 1, 2, 1, 1, 1, 2, 1, 1, 1, 0, 2, 1, 1, 1, 1, 2, 1, 1, 1, 1, 0, 0, 1, 1, 1, 2, 0, 1, 0, 1, 1, 1, 1, 1, 1, 1, 0, 0, 0, 1, 1, 0, 1, 0, 0, 2, 1, 1, 1, 2, 1, 2, 2, 2, 0, 0, 0, 1, 2, 0, 2, 2, 1, 1, 0, 1, 0, 0, 1, 1, 1, 0, 2, 1, 1, 0, 0, 0, 1, 1, 0, 0, 1, 0, 1, 1, 1]","[0, 0, 1, 1, 0, 0, 0, 0, 1, 0, 1, 1, 0, 0, 0, 1, 1, 1, 0, 1, 1, 1, 1, 1, 1, 1, 0, 0, 0, 0, 1, 0, 1, 1, 1, 1, 0, 1, 0, 0, 1, 0, 1, 1, 0, 0, 1, 0, 1, 1, 1, 1, 0, 1, 1, 0, 1, 1, 1, 0, 1, 1, 1, 1, 1, 1, 0, 1, 0, 1, 1, 1, 0, 0, 1, 0, 0, 1, 1, 0, 0, 1, 0, 1, 0, 1, 0, 1, 1, 1, 0, 1, 1, 1, 1, 1]","[1, 1, 2, 2, 1, 1, 1, 0, 1, 1, 2, 1, 1, 1, 2, 1, 1, 1, 1, 2, 2, 1, 1, 2, 2, 2, 2, 1, 1, 1, 1, 1, 2, 1, 1, 1, 1, 2, 2, 1, 2, 1, 2, 2, 1, 1, 1, 1, 1, 1, 1, 2, 1, 1, 2, 1, 2, 1, 2, 2, 2, 2, 2, 2, 2, 2, 1, 1, 1, 1, 2, 1, 1, 1, 2, 1, 2, 1, 2, 1, 1, 2, 1, 1, 1, 1, 2, 2, 1, 2, 1, 1, 1, 1, 2, 2]","[1, 1, 2, 2, 1, 1, 1, 1, 1, 1, 2, 1, 1, 1, 1, 1, 1, 1, 1, 2, 1, 1, 1, 2, 0, 2, 1, 0, 1, 0, 1, 1, 2, 1, 1, 0, 1, 2, 1, 1, 2, 1, 2, 1, 1, 0, 1, 1, 1, 1, 1, 1, 2, 1, 1, 1, 1, 1, 2, 1, 2, 2, 2, 2, 1, 1, 1, 1, 1, 1, 2, 1, 1, 1, 2, 1, 1, 1, 2, 1, 1, 2, 1, 1, 1, 1, 1, 2, 1, 2, 1, 1, 1, 1, 1, 2]"
XLNet,"[1, 2, 0, 0, 0, 0, 1, 0, 0, 1, 0, 1, 0, 1, 2, 0, 0, 0, 2, 1, 1, 0, 0, 2, 1, 0, 0, 0, 0, 0, 1, 1, 1, 2, 1, 0, 0, 1, 0, 3, 0, 0, 2, 1, 0, 0, 0, 1, 1, 0, 1, 2, 2, 0, 2, 1, 0, 0, 0, 1, 1, 2, 2, 0, 1, 2, 1, 3, 2, 1, 2, 1, 0, 0, 0, 2, 1, 0, 0, 1, 1, 1, 1, 1, 2, 1, 2, 1, 0, 0, 1, 2, 0, 0, 0, 0]","[2, 1, 1, 1, 1, 1, 1, 1, 1, 1, 1, 2, 1, 1, 1, 2, 1, 1, 2, 1, 1, 2, 1, 2, 1, 2, 1, 1, 1, 1, 2, 2, 2, 1, 2, 1, 1, 3, 2, 2, 1, 2, 1, 1, 1, 1, 1, 1, 1, 1, 1, 2, 2, 1, 2, 3, 1, 1, 1, 2, 2, 2, 2, 2, 1, 2, 1, 2, 2, 2, 2, 2, 1, 1, 1, 1, 2, 1, 2, 2, 1, 2, 2, 2, 2, 2, 1, 2, 1, 1, 2, 2, 1, 2, 1, 1]","[2, 0, 0, 1, 1, 1, 1, 1, 2, 0, 1, 1, 1, 1, 0, 1, 1, 1, 1, 1, 1, 1, 0, 1, 1, 1, 1, 0, 1, 0, 0, 1, 1, 1, 1, 0, 0, 1, 1, 1, 1, 1, 0, 1, 1, 1, 1, 0, 0, 1, 0, 1, 2, 1, 0, 1, 1, 1, 1, 1, 1, 1, 1, 0, 0, 1, 1, 1, 0, 1, 1, 1, 1, 1, 1, 1, 1, 1, 1, 1, 0, 1, 0, 1, 0, 1, 1, 1, 1, 0, 0, 2, 1, 1, 1, 1]","[0, 0, 0, 0, 1, 0, 1, 0, 0, 0, 0, 1, 0, 0, 0, 0, 0, 0, 1, 1, 1, 1, 0, 0, 1, 1, 0, 0, 0, 0, 1, 1, 0, 0, 1, 0, 0, 1, 1, 1, 0, 1, 0, 0, 0, 1, 0, 0, 0, 0, 0, 0, 1, 0, 0, 1, 0, 0, 0, 1, 1, 1, 1, 0, 0, 1, 0, 1, 1, 0, 1, 0, 0, 0, 0, 0, 1, 0, 0, 0, 0, 1, 0, 1, 1, 1, 0, 0, 0, 0, 0, 1, 0, 1, 1, 0]","[1, 1, 0, 1, 1, 1, 2, 1, 2, 0, 1, 2, 1, 1, 1, 1, 1, 1, 2, 2, 1, 1, 1, 2, 1, 1, 1, 0, 1, 1, 2, 1, 1, 1, 1, 1, 1, 2, 1, 2, 1, 1, 0, 1, 1, 2, 1, 1, 1, 1, 1, 1, 2, 1, 1, 2, 0, 1, 1, 2, 1, 2, 2, 1, 1, 2, 1, 1, 2, 1, 2, 1, 1, 1, 1, 1, 1, 1, 1, 1, 1, 2, 1, 1, 1, 1, 1, 1, 1, 1, 1, 2, 1, 1, 1, 1]","[2, 1, 0, 1, 1, 1, 2, 1, 1, 0, 1, 2, 0, 1, 1, 1, 1, 1, 2, 1, 1, 1, 1, 2, 1, 1, 1, 0, 1, 1, 1, 2, 1, 0, 1, 1, 1, 2, 1, 2, 1, 1, 1, 1, 1, 1, 1, 1, 1, 0, 1, 2, 2, 1, 1, 2, 1, 1, 1, 2, 2, 2, 2, 1, 1, 2, 0, 2, 2, 1, 1, 1, 1, 1, 0, 1, 1, 1, 1, 1, 1, 2, 1, 1, 1, 1, 1, 1, 1, 1, 2, 2, 1, 1, 1, 1]"
Fusion,"[0, 2, 0, 0, 1, 1, 0, 0, 2, 0, 0, 1, 0, 0, 0, 0, 2, 0, 0, 1, 1, 1, 0, 0, 0, 0, 1, 0, 0, 0, 0, 0, 1, 2, 0, 0, 0, 1, 0, 0, 0, 0, 0, 0, 0, 0, 1, 0, 1, 1, 0, 0, 1, 0, 0, 0, 1, 1, 1, 2, 0, 2, 0, 1, 0, 2, 0, 0, 0, 0, 0, 0, 0, 0, 3, 0, 0, 0, 0, 0, 0, 0, 2, 1, 0, 0, 1, 0, 1, 1, 0, 0, 1, 2, 1, 0]","[2, 1, 2, 1, 1, 1, 2, 2, 1, 1, 2, 2, 1, 1, 1, 1, 1, 1, 1, 1, 1, 1, 1, 2, 2, 1, 1, 1, 2, 1, 1, 2, 2, 2, 1, 0, 1, 2, 2, 1, 1, 1, 0, 1, 1, 0, 1, 1, 2, 2, 2, 1, 1, 2, 1, 1, 2, 2, 2, 2, 2, 2, 2, 1, 2, 2, 1, 1, 2, 2, 1, 1, 2, 1, 1, 2, 1, 1, 1, 2, 1, 2, 2, 1, 2, 1, 2, 1, 2, 1, 2, 1, 1, 2, 2, 1]","[0, 1, 0, 0, 1, 1, 1, 2, 1, 0, 1, 2, 0, 0, 2, 0, 0, 0, 0, 1, 1, 0, 2, 1, 2, 0, 0, 0, 2, 0, 0, 2, 2, 0, 0, 0, 1, 0, 2, 0, 1, 1, 0, 1, 0, 0, 0, 0, 0, 0, 2, 0, 0, 1, 1, 0, 0, 1, 2, 1, 1, 0, 2, 1, 1, 0, 0, 0, 1, 1, 1, 0, 1, 0, 0, 2, 0, 0, 0, 0, 0, 0, 0, 0, 2, 0, 0, 1, 1, 1, 0, 1, 1, 1, 1, 0]","[1, 0, 0, 0, 0, 0, 0, 0, 0, 0, 1, 0, 0, 0, 0, 0, 0, 0, 0, 0, 0, 0, 0, 0, 0, 0, 0, 0, 0, 0, 0, 0, 0, 0, 0, 0, 0, 0, 0, 0, 0, 0, 0, 0, 0, 0, 0, 0, 0, 0, 0, 0, 0, 0, 0, 0, 0, 0, 1, 0, 0, 1, 0, 1, 1, 0, 0, 1, 0, 0, 0, 0, 0, 0, 0, 0, 0, 0, 0, 0, 0, 0, 0, 0, 0, 0, 0, 0, 0, 0, 0, 0, 0, 1, 1, 0]","[3, 1, 1, 0, 1, 1, 1, 1, 0, 0, 1, 1, 1, 0, 0, 0, 0, 0, 0, 1, 1, 0, 3, 3, 0, 1, 1, 0, 3, 0, 0, 1, 1, 1, 0, 0, 0, 3, 1, 0, 0, 0, 0, 1, 0, 0, 0, 1, 1, 1, 0, 0, 0, 1, 1, 0, 1, 1, 1, 3, 1, 3, 3, 1, 1, 1, 0, 0, 1, 1, 1, 0, 1, 0, 0, 2, 0, 0, 0, 0, 1, 1, 0, 0, 2, 0, 1, 0, 1, 1, 3, 0, 0, 2, 1, 0]","[1, 0, 1, 0, 0, 1, 1, 0, 0, 0, 1, 1, 0, 0, 0, 0, 0, 0, 0, 0, 1, 0, 1, 1, 1, 0, 0, 0, 1, 0, 0, 0, 1, 1, 0, 0, 0, 1, 0, 0, 0, 0, 0, 0, 0, 0, 0, 0, 1, 0, 0, 0, 0, 0, 1, 0, 0, 1, 0, 1, 1, 2, 1, 1, 1, 1, 0, 0, 1, 1, 0, 0, 1, 0, 0, 0, 0, 0, 0, 0, 0, 0, 0, 0, 0, 0, 1, 0, 1, 0, 0, 0, 0, 2, 1, 0]"
HINT,"[1, 0, 0, 0, 0, 0, 0, 0, 1, 0, 0, 0, 0, 0, 1, 1, 2, 0, 1, 0, 1, 0, 0, 0, 1, 0, 1, 0, 0, 0, 0, 0, 0, 0, 0, 0, 0, 1, 0, 0, 0, 0, 0, 0, 0, 0, 1, 0, 0, 0, 0, 1, 0, 0, 0, 0, 0, 0, 0, 0, 1, 2, 1, 0, 0, 0, 0, 0, 0, 0, 0, 3, 0, 0, 0, 0, 0, 0, 0, 0, 0, 0, 2, 0, 0, 0, 1, 0, 0, 0, 0, 0, 0, 0, 0, 0]","[1, 1, 0, 2, 0, 1, 0, 0, 1, 1, 0, 1, 0, 1, 1, 1, 2, 1, 1, 1, 1, 0, 1, 0, 2, 1, 0, 0, 1, 0, 0, 0, 0, 3, 0, 0, 1, 1, 1, 1, 1, 0, 1, 1, 0, 1, 2, 1, 1, 1, 0, 1, 1, 1, 1, 1, 0, 0, 1, 2, 1, 1, 1, 1, 0, 0, 1, 0, 0, 1, 1, 1, 1, 0, 0, 1, 1, 0, 1, 0, 2, 0, 1, 1, 1, 2, 1, 2, 0, 0, 1, 2, 0, 0, 0, 1]","[1, 1, 0, 1, 0, 1, 0, 1, 1, 0, 0, 0, 0, 0, 0, 0, 0, 0, 1, 1, 0, 0, 1, 0, 1, 0, 0, 0, 1, 1, 0, 1, 0, 1, 0, 0, 1, 1, 1, 1, 1, 0, 1, 0, 1, 1, 1, 0, 0, 0, 0, 1, 0, 1, 0, 0, 0, 0, 1, 0, 0, 0, 1, 0, 1, 0, 0, 0, 0, 0, 1, 0, 0, 0, 0, 0, 0, 0, 0, 0, 1, 0, 0, 1, 0, 0, 1, 1, 1, 0, 1, 0, 0, 0, 0, 0]","[0, 0, 0, 0, 0, 0, 0, 0, 0, 0, 0, 0, 0, 1, 0, 0, 0, 0, 0, 0, 0, 0, 1, 0, 1, 0, 0, 0, 0, 0, 0, 0, 0, 0, 0, 0, 0, 0, 0, 0, 0, 0, 0, 0, 0, 0, 0, 0, 0, 0, 0, 0, 0, 0, 0, 0, 0, 0, 0, 0, 1, 1, 0, 0, 0, 0, 0, 0, 0, 0, 0, 0, 0, 0, 0, 0, 0, 0, 0, 0, 0, 0, 0, 0, 0, 0, 0, 1, 0, 0, 0, 0, 0, 0, 0, 0]","[1, 0, 0, 1, 0, 1, 0, 0, 1, 0, 0, 0, 0, 1, 1, 1, 0, 1, 1, 1, 0, 0, 1, 0, 2, 0, 0, 0, 0, 0, 0, 0, 0, 1, 0, 0, 0, 0, 0, 1, 0, 0, 1, 0, 0, 0, 1, 0, 1, 0, 0, 1, 1, 0, 0, 0, 0, 0, 1, 0, 0, 1, 1, 0, 0, 0, 0, 0, 0, 0, 0, 0, 0, 0, 0, 0, 0, 0, 0, 0, 1, 0, 0, 1, 0, 1, 1, 1, 0, 0, 1, 1, 0, 0, 0, 0]","[0, 0, 0, 0, 0, 1, 0, 0, 0, 0, 0, 0, 0, 0, 1, 0, 1, 0, 0, 0, 0, 0, 0, 0, 2, 0, 0, 0, 0, 0, 0, 0, 0, 1, 0, 0, 0, 0, 0, 0, 0, 0, 0, 0, 0, 0, 1, 0, 0, 0, 0, 0, 0, 0, 0, 0, 0, 0, 0, 0, 1, 1, 1, 0, 0, 0, 0, 0, 0, 0, 0, 0, 0, 0, 0, 0, 0, 0, 0, 0, 0, 0, 0, 0, 0, 1, 1, 0, 0, 0, 0, 0, 0, 0, 0, 0]"
TD-VAE,"[2, 1, 1, 1, 2, 0, 1, 2, 1, 1, 0, 1, 0, 0, 0, 0, 0, 2, 1, 2, 2, 2, 1, 0, 1, 0, 1, 0, 1, 1, 1, 2, 0, 1, 1, 0, 0, 2, 1, 0, 0, 1, 2, 0, 2, 2, 0, 1, 1, 1, 1, 1, 2, 0, 1, 0, 0, 1, 1, 2, 2, 2, 1, 1, 0, 0, 2, 2, 2, 1, 0, 0, 0, 0, 2, 0, 0, 1, 0, 2, 1, 1, 1, 2, 1, 1, 1, 0, 2, 1, 2, 1, 1, 0, 1, 0]","[2, 2, 2, 2, 2, 1, 2, 2, 2, 2, 2, 2, 1, 1, 1, 1, 2, 2, 2, 2, 2, 1, 2, 1, 2, 1, 2, 1, 2, 2, 2, 2, 1, 2, 2, 1, 2, 2, 2, 1, 2, 2, 2, 1, 2, 1, 1, 2, 2, 1, 2, 1, 2, 2, 1, 1, 1, 2, 1, 2, 2, 2, 2, 2, 2, 2, 2, 2, 2, 2, 1, 2, 2, 2, 2, 2, 2, 1, 1, 2, 2, 2, 2, 2, 2, 2, 2, 2, 2, 2, 2, 2, 2, 1, 2, 1]","[1, 1, 1, 1, 1, 0, 1, 1, 1, 1, 1, 1, 0, 0, 0, 1, 0, 0, 1, 0, 0, 0, 1, 0, 1, 0, 1, 0, 1, 1, 1, 1, 1, 1, 1, 0, 1, 0, 1, 1, 0, 1, 2, 0, 1, 0, 0, 0, 1, 1, 1, 0, 1, 1, 0, 1, 0, 1, 1, 1, 0, 1, 1, 0, 0, 1, 0, 0, 0, 1, 0, 1, 0, 2, 1, 1, 1, 1, 0, 0, 1, 1, 2, 1, 1, 1, 1, 1, 0, 1, 0, 1, 1, 0, 1, 0]","[1, 1, 1, 1, 1, 0, 1, 1, 1, 1, 1, 1, 0, 0, 0, 0, 0, 1, 1, 1, 0, 0, 1, 0, 1, 1, 1, 0, 1, 1, 1, 1, 0, 0, 1, 0, 0, 1, 0, 1, 1, 0, 1, 0, 1, 0, 0, 1, 1, 1, 1, 0, 1, 1, 0, 1, 0, 1, 0, 1, 1, 1, 1, 1, 0, 1, 1, 0, 1, 1, 0, 1, 0, 1, 1, 0, 1, 1, 0, 1, 1, 1, 1, 1, 1, 1, 1, 1, 0, 1, 1, 1, 1, 0, 1, 0]","[1, 2, 1, 2, 2, 1, 2, 2, 2, 1, 1, 1, 0, 1, 1, 1, 1, 1, 2, 2, 1, 1, 2, 1, 2, 1, 1, 1, 2, 2, 2, 2, 1, 2, 2, 0, 1, 1, 1, 1, 2, 1, 2, 0, 2, 1, 1, 1, 1, 1, 2, 1, 1, 1, 1, 1, 1, 2, 1, 1, 1, 2, 1, 1, 1, 1, 2, 1, 2, 2, 0, 1, 1, 2, 2, 1, 1, 1, 1, 1, 1, 1, 2, 1, 3, 1, 2, 1, 1, 2, 1, 2, 1, 1, 1, 1]","[1, 1, 1, 2, 1, 0, 1, 1, 1, 1, 1, 1, 1, 1, 1, 1, 1, 1, 1, 1, 1, 1, 2, 1, 2, 1, 1, 1, 2, 2, 1, 2, 1, 1, 2, 0, 1, 1, 1, 1, 1, 1, 2, 1, 1, 1, 1, 1, 1, 1, 2, 1, 1, 1, 1, 1, 1, 1, 1, 1, 1, 2, 1, 1, 1, 1, 2, 1, 1, 1, 1, 1, 1, 2, 2, 1, 1, 1, 1, 1, 1, 1, 2, 1, 2, 1, 1, 1, 1, 2, 1, 2, 1, 1, 1, 1]"
